slug,name,family,aka,operator,parent,country,jurisdiction,system_class,status,status_detail,services,orbit_regimes,dual_use,filing_authority,filing_number,filing_call_sign,filing_absent,launched,in_orbit,licensed,filed,announced,n_shells,constellation_code,constellation_code_status,spectrum,isl,first_launch,service_start,target_completion,target_completion_kind,launch_providers,n_regulatory,n_itu,n_sources,has_primary,n_discrepancies,supersedes,superseded_by,notes,added,verified,verified_age_months,stale
amazon-leo-d2d,Amazon Leo Direct-to-Device,amazon-leo,Amazon Leo D2D; Kuiper direct-to-device,Kuiper Systems LLC,"Amazon.com, Inc.",US,US,direct-to-device,filed,"Application filed with the FCC on 24 July 2026 for up to 5,105 satellites, using the L- and S-band spectrum held by Globalstar, whose acquisition by Amazon was announced in April 2026 and is expected to close in 2027. No grant. Service stated as no earlier than 2028.",direct-to-device; voice; messaging; broadband; iot,LEO,civil,FCC,SAT-LOA-20260601-00224,S00917,,,,,5105,,1,,,L; S,unknown,,,,operator-target,,1,0,4,yes,0,,,"Contributed by Dan York on 29 July 2026, having been filed after his IETF 126 survey was presented. The first entry in the registry to come from the community rather than the initial sweep, and the first whose provenance was upgraded by a contributor: Dan supplied the ICFS file number on 3 August 2026, and the count, the band edges and the lifetime now come from Schedule S instead of trade press. Provenance gap: the orbital geometry is in an attachment, ""Amazon Leo D2D Application - Orbital Parameters Attachment.zip"", which has not been opened, and the public version of Exhibit C (technical attachment and ODAR) has not been read. A confidential version of Exhibit C is withheld, so some technical detail will not become public. This record and globalstar-c3 will need reconciling if the Amazon acquisition of Globalstar completes: two systems, one spectrum position, one eventual owner. Whether the D2D constellation supersedes the C-3 plan or runs alongside it is not yet stated anywhere this registry has found.",2026-07,2026-08-03,1,no
amazon-leo-gen1,Amazon Leo Gen1,amazon-leo,Project Kuiper; Kuiper Gen1,Kuiper Systems LLC,"Amazon.com, Inc.",US,US,broadband,deploying,"Production satellites launching since April 2025 and enterprise beta service from 2025, but far short of the interim deployment milestone, which the FCC waived in part with conditions in June 2026.",broadband; backhaul,LEO,civil,FCC,SAT-LOA-20190704-00057,S3051,,398,,3232,3236,,3,,,Ku; Ka; V,optical,2023-10-06,2025,2029-07-30,regulatory-milestone,United Launch Alliance; Arianespace; Blue Origin; SpaceX,3,0,3,yes,2,,,"Amazon renamed Project Kuiper to Amazon Leo in 2026 and the FCC order adopts the new name for both constellation and licensee, while the licensee of record remains Kuiper Systems LLC. Provenance gap: FCC 20-102 is cited through the fcc.report mirror of the grant attachment rather than a docs.fcc.gov permanent URL, and the 2024 orbital parameters modification (39 FCC Rcd 2180) has not been read. The shells recorded here are the 2020 configuration, so the current authorised geometry may differ. This is why each shell carries its own src.",2026-07,2026-07-29,2,no
amazon-leo-gen2,Amazon Leo Gen2 and Polar,amazon-leo,Kuiper Gen2; Amazon Leo Polar system; Amazon 2026 V-band Grant,Kuiper Systems LLC,"Amazon.com, Inc.",US,US,broadband,licensed,Authorised 10 February 2026 in the 2021 V-band processing round. Nothing launched under this authorisation; the first milestone is six years out.,broadband; backhaul,LEO,civil,FCC,SAT-LOA-20211104-00145,S3105,,,,4504,,,1,,,V,,,,2035-02-10,regulatory-milestone,,2,0,2,yes,1,,,"Provenance gap: this record is built entirely from the description of the 10 February 2026 grant contained in a *later* order (DA 26-553). The grant stamp itself, under ICFS SAT-LOA-20211104-00145 and SAT-AMD-20250311-00068, has not been read. Reading it would supply the orbital parameters for both the Gen2 and Polar systems, which are the main gap in this record. Note the source grading subtlety: DA 26-553 is a primary source, and it is a primary source *for what it says*, which is the counts and the milestone dates. It is not a source for the shell geometry, which it does not discuss. A source's grade does not extend beyond its contents.",2026-07,2026-07-29,2,no
ast-spacemobile,AST SpaceMobile,ast-spacemobile,SpaceMobile; BlueBird; BlueWalker; FM-1 / FM-2,"AST & Science, LLC","AST SpaceMobile, Inc.",US,US,direct-to-device,deploying,"Fully authorised for 248 satellites as of April 2026, including supplemental coverage from space and direct-to-cell operations, with spectrum leases from AT&T, Verizon and FirstNet granted the same day. A small number of satellites are in orbit.",direct-to-device; broadband,LEO,civil,FCC,SAT-LOA-20200413-00034,S3065,,9,,248,248,,5,,,V; S; L,unknown,2022-09-10,,,,SpaceX; Blue Origin,1,0,3,yes,1,,,"This record is the registry's worked example of orbital geometry that the constellation code cannot express for a reason unrelated to phasing: every authorised shell here is elliptical, with apogee and perigee stated separately and a station-keeping tolerance attached. The code assumes a single circular altitude. Four of the five shells also fail the code's divisibility or plane-count assumptions independently. AST's satellites are physically very large, which is why the constellation size is small relative to its coverage ambition. Recording sat_mass_kg for this system would be valuable and has not been done.",2026-07,2026-07-29,2,no
blue-origin-sunrise,Blue Origin Project Sunrise,blue-origin,Project Sunrise; Blue Origin Orbital Data Center System,"Blue Origin, LLC","Blue Origin, LLC",US,US,orbital-compute,filed,Application filed 19 March 2026; no grant. NASA filed an objection in May 2026. Nothing launched.,orbital-compute,LEO,civil,FCC,,,,,,,51600,,1,,,Ka; optical,external,,,,,,2,0,3,no,1,,,"Provenance gap: no primary source, and the ICFS file number has not been retrieved. Reading the application would give the shell structure, the satellite design and the basis for the 51,600 figure, and reading NASA's objection would give the first documented instance in this registry of a federal science agency contesting a constellation filing on operational grounds. Both are worth doing.",2026-07,2026-07-29,2,no
blue-origin-terawave,Blue Origin TeraWave,blue-origin,Tera Wave,"Blue Origin, LLC","Blue Origin, LLC",US,US,broadband,announced,"Announced January 2026, with deployment stated to begin Q4 2027. No FCC file number has been retrieved for TeraWave itself, though it is referred to in the Project Sunrise filing as the optical backbone that system depends on.",broadband; backhaul,LEO; MEO,civil,,,,"No filing reference retrieved. TeraWave is described in trade press as an announced constellation and is referenced in Blue Origin's Project Sunrise FCC application as the communications network Sunrise will relay through, but no application or grant for TeraWave itself has been located in this pass. It may well exist; this is a gap in our work, not a statement that none exists.",,,,,5408,1,,,,optical,,,2027,operator-target,Blue Origin,0,0,2,no,1,,,"Provenance gap: no primary source and no filing reference. Everything here is trade press and a conference slide, and the headline count is disputed three ways. Locating a TeraWave application in ICFS would fix all of it. Recorded despite that because Project Sunrise, which does have a filing, depends on TeraWave for its ground path. A registry that carried Sunrise but not TeraWave would hide the dependency.",2026-07,2026-07-29,2,no
china-mobile-l1,China Mobile L1 and M1,china-mobile,CHINAMOBILE-L1; CHINAMOBILE-M1,China Mobile,"China Mobile Communications Group, state-owned",CN,CN,broadband,filed,"Advance publication information received by the ITU on 30 December 2025 and published 14 April 2026, one day after the CTC-1 and CTC-2 filings and part of the same wave. API/A only: no coordination request, no national authorisation identified, nothing launched.",broadband; direct-to-device,VLEO; LEO; MEO,unknown,other,API/A 14312 (notice ID 125545461),,,,,,2664,,5,,,,unknown,,,,,,0,2,2,yes,0,,,"Found by scanning the non-GSO tables of the downloaded BR IFICs for Chinese networks with large plane counts, while looking for something else. It appears in no secondary source consulted for this registry and was not in the IETF 126 survey. A 2,664-satellite filing by the largest mobile operator in the world is not a marginal entry, and the fact that it surfaced only by reading the ITU publication directly is the clearest argument this registry has for doing so routinely. The 251 km shell is worth attention on its own: 960 satellites in 960 separate planes at an altitude where drag is severe. Whether that is a serious deployment plan or a spectrum placeholder is exactly the question the API/A stage cannot answer.",2026-07,2026-07-29,2,no
cowboy-space-stampede,Cowboy Space Stampede,cowboy-space,Stampede,Cowboy Space,"Cowboy Space (San Carlos, California)",US,US,orbital-compute,filed,"Application filed 14 May 2026. The company states the satellite design is unfinished and that a licence modification will be needed before service, which is unusually explicit about how provisional the filing is.",orbital-compute,LEO,civil,FCC,,,,,,,20000,,1,,,,unknown,2028,,,operator-target,,1,0,2,no,1,,,"Provenance gap: no primary source and no file number. This record is worth keeping in view for a reason beyond its size. The company told the regulator that the satellite design is unfinished and that a modification will be needed before service. That is a filing made to hold a place in a processing round, stated as such, by the applicant. It is the cleanest documented instance in this registry of the mechanism Dan York and Nitinder Mohan discussed at IETF 126: filings as spectrum positioning rather than deployment commitments. Recording it as `filed` and never as `licensed` is exactly the distinction the registry exists to preserve.",2026-07,2026-07-29,2,no
ctc-1,CTC-1,ctc,China Radio Spectrum next-generation constellation 1,Institute of Radio Spectrum Utilization and Technological Innovation,Chinese state research institute,CN,CN,other,filed,Advance publication information received by the ITU on 29 December 2025 and published on 17 March 2026. API/A is the earliest and weakest stage of the ITU process: it precedes the coordination request and confers no coordination priority. Nothing launched and no deployment programme identified.,other,LEO,unknown,other,API/A 14285 (notice ID 125545446),,,,,,96714,,1,,,,unknown,,,,,,0,1,4,yes,1,,,"Upgraded from secondary to primary on 2026-07-29 by querying the ITU Space Network List for the filing identity and then reading the declared orbit data out of BR IFIC 3067 directly. See scripts/itu_query.sh, which reproduces both steps. CTC-1 and CTC-2 together account for about 193,000 of the roughly 200,000 satellites in the December 2025 Chinese filing wave, and therefore for a large share of any global aggregate. A reader deciding how much weight to put on a 2.3 million total should know that roughly 8 per cent of it comes from two filings by a single research institute, with a stated purpose that nobody has confirmed. Making that visible is the point of keeping the record.",2026-07,2026-07-29,2,no
ctc-2,CTC-2,ctc,China Radio Spectrum next-generation constellation 2,Institute of Radio Spectrum Utilization and Technological Innovation,Chinese state research institute,CN,CN,other,filed,Advance publication information received by the ITU on 29 December 2025 and published on 17 March 2026. API/A is the earliest and weakest stage of the ITU process: it precedes the coordination request and confers no coordination priority. Nothing launched and no deployment programme identified.,other,LEO,unknown,other,API/A 14288 (notice ID 125545445),,,,,,96714,,1,,,,unknown,,,,,,0,1,4,yes,1,,,"Upgraded from secondary to primary on 2026-07-29 by querying the ITU Space Network List for the filing identity and then reading the declared orbit data out of BR IFIC 3067 directly. See scripts/itu_query.sh, which reproduces both steps. CTC-1 and CTC-2 together account for about 193,000 of the roughly 200,000 satellites in the December 2025 Chinese filing wave, and therefore for a large share of any global aggregate. A reader deciding how much weight to put on a 2.3 million total should know that roughly 8 per cent of it comes from two filings by a single research institute, with a stated purpose that nobody has confirmed. Making that visible is the point of keeping the record.",2026-07,2026-07-29,2,no
eutelsat-oneweb,Eutelsat OneWeb,oneweb,OneWeb; WorldVu; OneWeb Ku/Ka NGSO FSS system,WorldVu Satellites Limited,Eutelsat Group (merged with OneWeb 2023),GB,GB; US,broadband,operational,"First-generation constellation complete and in wholesale service. Authorised by the United Kingdom; US market access granted by the FCC and modified in 2023 from 720 to 716 satellites. A requested expansion to 6,372 satellites was deferred, not granted.",broadband; backhaul,LEO,civil,FCC,SAT-MPL-20200526-00062,S2963,,660,,716,6372,,3,,,Ku; Ka,none,2019-02-27,2023,,,Arianespace; SpaceX; ISRO,2,0,3,yes,2,,,"Provenance gap: the UK authorisation held by WorldVu Satellites Limited has not been retrieved, so the licensed figure recorded here is strictly the number for which US market access is granted. Eutelsat Next, the announced successor constellation, is not recorded and needs its own record once a filing or a firm figure can be traced.",2026-07,2026-07-29,2,no
globalstar-c3,Globalstar C-3,globalstar,Globalstar-C3 MSS System; Globalstar third generation; AST-NG-C-3,Globalstar France SAS,"Globalstar, Inc. (acquisition by Amazon.com, Inc. filed with the FCC 26 May 2026; pleading cycle open as of June 2026)",US,FR,direct-to-device,filed,"Licensed by France and notified to the ITU. US market access is sought through a pending petition for declaratory ruling, not a US licence, so the system has no FCC authorisation. Nothing launched.",voice; messaging; direct-to-device; iot,LEO; MEO,civil,other,SAT-PDR-20250214-00047,S3233,,,,48,6221,,1,,,,unknown,,,,,,3,1,5,yes,1,,,"Globalstar's operational second-generation service is a separate system and has its own record, globalstar-hibleo. The deck's ""97 launched"" and ""~85 planned"" belong there, not here. This record is also the registry's worked example of the flag-of-convenience pattern: a US operator's constellation licensed by a European administration and reaching the US market through a declaratory ruling rather than a licence. It is why `country` and `jurisdiction` are separate fields. Provenance gap: the French authorisation has not been retrieved, so the 48-satellite figure rests on the FCC's description of it rather than on the French decision itself.",2026-07,2026-07-29,2,no
globalstar-hibleo,Globalstar second generation,globalstar,HIBLEO-4; HIBLEO-X; Globalstar 2nd generation,Globalstar Licensee LLC; GUSA Licensee LLC,"Globalstar, Inc. (acquisition by Amazon.com, Inc. filed 26 May 2026; pleading cycle open)",US,US; FR,direct-to-device,operational,"In commercial service, and the backbone of Apple's Emergency SOS. Operates as one system across a US-licensed component (HIBLEO-4) and a France-licensed component (HIBLEO-X) reached through a US market access grant.",voice; messaging; iot; direct-to-device,LEO,civil,FCC,,,,97,,,,85,1,,,,none,,,,,,3,0,2,yes,0,,,"Split from globalstar-c3 so that the operational system and the planned next-generation system are not conflated: they have different satellite counts, different licensing administrations and different regulatory states. The deck's ""~85 planned / 97 launched"" belongs here and its ""1,946 (C-3) / 0"" belongs on globalstar-c3. Provenance gap: no file numbers for either the HIBLEO-4 licence or the HIBLEO-X market access grant, and no orbital parameters. Exhibit A to the Amazon transfer application lists every Globalstar authorisation and would close most of this in one read. If the Amazon transaction completes, this system and Amazon Leo come under one owner, alongside Amazon's stated intention to file for a global direct-to-device system. Worth tracking as a concentration question rather than only a technical one.",2026-07,2026-07-29,2,no
guowang-gw-2,Guowang GW-2,guowang,GW-2; Guowang high shell; Xingwang; SatNet,"China Satellite Network Group Co., Ltd. (China SatNet)","State-owned, established April 2021",CN,CN,broadband,deploying,"The higher of Guowang's two ITU networks, and the one being deployed. A notification (Part I-S) received 7 November 2025 declares 1,728 satellites, roughly a quarter of the figure in the earlier coordination request.",broadband; government-secure,LEO,unknown,other,Part I-S (notice ID 125500219); CR/C 5486; API/A 12664,,,216,,1728,6912,,1,,,,unknown,2024-12,,,,China Aerospace Science and Technology Corporation (CASC),0,1,4,yes,1,,,"Provenance upgraded 2026-07-29 from trade press to the ITU filing and publication. See scripts/itu_query.sh. Provenance gap: the CR/C figure of 6,912 could not be confirmed. Its publication, BR IFIC 2996 of May 2023, is outside the roughly eighteen-month window in which BR IFICs are downloadable without a subscription. Closing it needs the BR IFIC DVD-ROM or a TIES account.",2026-07,2026-07-29,2,no
guowang-gw-a59,Guowang GW-A59,guowang,GW-A59; Guowang low shell; 国网,"China Satellite Network Group Co., Ltd. (China SatNet)","State-owned, established April 2021",CN,CN,broadband,filed,"The lower of Guowang's two ITU networks. Coordination request on file and modified three times, most recently published in BR IFIC 3055 in September 2025. No notification (Part I-S) has been filed for this network, so nothing under it has been brought into use in the ITU sense.",broadband; government-secure,VLEO; LEO,unknown,other,CR/C 5448 (notice ID 120520170); API/A 12666,,,,,,6080,,3,,,,unknown,,,,,,0,1,4,yes,1,,,"Provenance upgraded 2026-07-29 from trade press to the ITU filing and publication. See scripts/itu_query.sh. Launch reporting does not split Guowang launches between the two networks, so counts.launched is recorded on guowang-gw-2 as a family-level figure rather than duplicated here.",2026-07,2026-07-29,2,no
honghu-3,Honghu-3,honghu,Honghu; 鸿鹄-3,Shanghai Lanjian Hongqing Technology Company (Hongqing Technology),LandSpace holds 48 per cent,CN,CN,broadband,filed,"Advance publication information received by the ITU on 8 September 2023 and published 31 October 2023, with comments (API/B) published April 2024. No coordination request has been filed. Nothing launched. The third Chinese constellation of more than 10,000 satellites to be filed, after Guowang and Qianfan.",broadband,LEO,unknown,other,API/A 13448 (notice ID 123545296),,,,,,10000,,1,,,,unknown,,,,,LandSpace,0,1,4,yes,2,,,"Provenance partially upgraded 2026-07-29: the ITU filing identity, stage and dates now come from the Space Network List. The declared satellite count does not, because it lives in BR IFIC 3008 (October 2023), which is outside the roughly eighteen-month window in which BR IFICs can be downloaded without a subscription. Closing that needs the BR IFIC DVD-ROM or a TIES account. This is the clearest instance in the registry of the retention window blocking an otherwise easy provenance upgrade.",2026-07,2026-07-29,2,no
iridium-next,Iridium NEXT,iridium,Iridium Certus; Iridium second generation,Iridium Constellation LLC,"Iridium Communications Inc. (acquisition by Rocket Lab Corporation announced 29 June 2026, ~USD 8.0bn, subject to FCC licence transfer consent; expected to close mid-2027)",US,US,direct-to-device,operational,Replacement constellation complete since 2019 and in commercial service. One of the two original 1990s LEO operators still flying.,voice; messaging; iot; direct-to-device,LEO,dual,FCC,SAT-MOD-20131227-00148,S2110,,75,,81,81,,1,,,L; Ka,rf,,1998,,,SpaceX,1,0,3,yes,1,,,"Provenance gap: the shell geometry on this record is sourced entirely to the constellation-code draft, not to the filing. The Iridium NEXT engineering statement is public and would give the authorised altitude, inclination and plane structure directly; reading it would move three code_assumptions from assumed to exact. This is the clearest single provenance upgrade available in the registry right now. Project Stardust, Iridium's announced direct-to-device layer, has no authorisation identified and no satellite count and is therefore not recorded. The deck notes it as ""plus unknown number"".",2026-07,2026-07-29,2,no
iris2,IRIS2,iris2,"IRIS²; Infrastructure for Resilience, Interconnectivity and Security by Satellite; EU Secure Connectivity Programme","SpaceRISE consortium (SES, Eutelsat, Hispasat)",European Commission (concession holder),EU,EU,government-military,licensed,"A 12-year concession contract was signed with the European Commission on 16 December 2024, implemented with ESA support. Critical design review planned for early 2028 and launches for 2029-2030. Nothing launched.",government-secure; broadband,LEO; MEO,dual,EUSPA,,,,,,,,290,3,,,,optical-planned,,,2030,operator-target,,1,0,2,no,1,,,"Provenance gap: no primary source. The concession contract itself, the Commission's programme documentation and the member state ITU filings that will carry the spectrum have none of them been consulted. IRIS2 is the registry's worked example of a system that does not fit the filing-centred model: it is a publicly procured programme whose defining instrument is a concession contract, whose spectrum will come through member state administrations, and whose satellite count is a design target rather than an authorised ceiling. Worth discussing whether the schema should carry a distinct instrument type for procured systems.",2026-07,2026-07-29,2,no
logos-space,Logos Space,logos-space,"Logos Space Services, Inc.","Logos Space Services, Inc.","Logos Space Services, Inc.",US,US,broadband,licensed,"Granted by the FCC on 30 January 2026 for 4,178 satellites in S-, Ka-, V- and E-band, together with a waiver of the processing round rules for a list of higher bands, conditioned on participating in a future processing round. Nothing launched.",broadband; government-secure; relay,LEO,dual,FCC,SAT-LOA-20241030-00243 and SAT-AMD-20250328-00084,,,,,4178,4178,,1,,,S; Ka; V; E,rf-planned,,,2035,regulatory-milestone,,2,0,4,yes,2,,,"Provenance upgraded 2026-07-29. The grant stamp itself is not a published document with a DA number, but the Space Bureau restates its terms in DA 26-552, which is citable and is used here. Provenance gap: the orbital shells are still unknown. The grant stamp and the underlying application would give them.",2026-07,2026-07-29,2,no
lynk-global,Lynk Global,lynk-global,Lynk Towers; Lynk the Everywhere Network,"Lynk Global, Inc.",Lynk Global Holdings; SES investment and MEO-relay partnership reported,US,US,direct-to-device,deploying,"Licensed for ten satellites under the FCC's streamlined small space station process and operating commercially in partner markets. The 2,000-satellite figure in circulation has no authorisation behind it.",direct-to-device; messaging,LEO,civil,FCC,SAT-LOA-20210511-00064,S3087,,12,,10,10,2000,0,,,L; S; Ka,none,2022,,,,SpaceX,2,0,3,yes,2,,,"Provenance gap: the April 2025 modification is recorded from trade press; the grant itself has not been retrieved, so it has no file number here. Provenance gap: the 12-launched figure exceeds the 10 authorised and the discrepancy has not been resolved against ELS records. Note for the group: DA 22-969 resolves a petition to deny from Iridium and comments from Kuiper and the NRAO. The direct-to-device band is contested by incumbents and radio astronomy, which is a spectrum-governance thread worth following in its own right.",2026-07,2026-07-29,2,no
orbital-compute,Orbital Compute,orbital-compute,"Orbital; Orbital Compute, Inc.","Orbital Compute, Inc.","Orbital Compute, Inc.",US,US,orbital-compute,filed,"Application filed with the FCC in 2026 for up to 100,000 satellites totalling 10 GW of compute. No grant, nothing launched, and the company is at pre-seed funding scale.",orbital-compute,LEO,civil,FCC,,,,,,,100000,,1,,,,external,,,2028,operator-target,,1,0,2,no,1,,,"Provenance gap: no primary source, no file number, no precise filing date. Reading the application is the whole task on this record.",2026-07,2026-07-29,2,no
project-suncatcher,Project Suncatcher,project-suncatcher,Google Project Suncatcher,Google LLC,Alphabet Inc.,US,US,orbital-compute,announced,"A research programme, announced November 2025, to put Google TPUs in orbit. Two prototype satellites are to be built and operated by Planet Labs for an in-orbit demonstration in early 2027. No constellation size has been stated and no filing has been identified.",orbital-compute,LEO,civil,,,,"No filing identified. The programme is presented as research with a two-satellite demonstration, and the demonstration satellites are to be built and operated by Planet Labs, so any near-term spectrum authority would most likely sit under Planet's existing licences rather than a new Google filing. There is nothing yet to file for: no constellation size has been announced.",,,,,,1,,,,optical,2027,,,operator-target,Planet Labs,0,0,3,no,1,,,"Included with an empty `counts` block on purpose. An announced programme from an operator of this size, with no stated constellation size, is a real category and the honest representation of it is absence. Writing a speculative number here would corrupt exactly the aggregate the registry is meant to make trustworthy. Provenance gap: the Google Research post describing the system design has been cited but not read in detail; it would give the cluster geometry and the power and thermal assumptions.",2026-07,2026-07-29,2,no
qianfan,Qianfan,qianfan,Thousand Sails; G60 Starlink; Spacesail; 千帆,Shanghai Spacecom Satellite Technology (SSST) / Spacesail,Backed by the Shanghai Municipal People's Government; Chinese Academy of Sciences involvement reported,CN,CN,broadband,deploying,Launching production satellites since August 2024; regional service targeted for around 2026 and global service around 2030. Well short of the announced phase targets.,broadband,LEO,unknown,,,,"No filing reference established, and not for want of looking. The ITU Space Network List was queried on 2026-07-29 for QIANFAN, SSST, SPACESAIL, STARNET, THOUSANDSAILS, G60-STARLINK, CHINA-LEO, CHINASAT-LEO, SSST-GW, QIANFAN-1 and QF-1, all returning nothing; the SNL name search is exact, not substring, so a name we have not guessed will not surface. Scanning the non-GSO tables of six downloaded BR IFICs for Chinese networks turned up 100 or so names, none obviously this system. A filing almost certainly exists under a designation we do not know. China's national authorisations are separately not published in any docket comparable to the FCC's ICFS.",239,,,,15000,1,,,,unknown,2024-08-06,,2030,operator-target,China Aerospace Science and Technology Corporation (CASC),0,1,3,no,1,,,"Provenance gap: this record still has no primary source, and after a systematic ITU search it is now the only major system in the registry in that position. See filing_absent for what was tried. The most likely routes in are: a Chinese-language source that gives the ITU designation directly; a full SNL export filtered by administration, which the ITU server currently returns a 500 for on date-range queries; or somebody in the group with access to the BR IFIC DVD-ROM, which would allow scanning publications outside the eighteen-month download window when the filing was most likely made. ASK THE LIST. This is a good first question to put to space@irtf.org once the registry is announced: a working constellation of 239 satellites whose ITU identity we cannot find is exactly the kind of gap a group is better at closing than an individual. This record is the registry's worked example of the non-US jurisdiction problem: for FCC-licensed systems the filing, the geometry, the milestones and the spectrum are all in a public docket, and for most others they are not. Any aggregate satellite count that treats a Chinese or Russian figure as equivalent evidence to an FCC grant is comparing unlike things, and the registry should make that visible rather than smooth it over.",2026-07,2026-07-29,2,no
rassvet,Rassvet,rassvet,Dawn; Bureau 1440 Rassvet; RASSVET-1,Bureau 1440,X Holding / IKS Holding,RU,RU,broadband,deploying,"First 16 production satellites launched 23 March 2026 after an experimental phase from 2023. Of the three ITU networks filed in 2022-2023, two were suppressed at the operator's own administration's request in December 2025; only RASSVET-1 remains on file.",broadband; direct-to-device,LEO,unknown,other,CR/C 5975 (notice ID 123520004); API/A 13240,,,22,,,1350,383,1,,,,unknown,2023,,2030,operator-target,Roscosmos,0,3,6,yes,2,,,"Provenance upgraded 2026-07-29 from encyclopaedia and press to the ITU filings and publication. See scripts/itu_query.sh. Reporting on this system is heavily coloured by the war in Ukraine and by its dual-use potential, in both directions. The ITU record is the one part of the picture that is neutral and checkable, which is most of why this round of work was worth doing.",2026-07,2026-07-29,2,no
reliance-jio,Reliance Jio LEO constellation,reliance-jio,Jio sovereign LEO constellation; Jio Space,Jio Platforms Limited,Reliance Industries Limited,IN,IN,broadband,licensed,"IN-SPACe approved the proposal on 17 July 2026, four days before the IETF 126 session, judging it technically sound. The approval enables the Government of India to support the ITU filings and orbital rights the system needs; those filings are not yet made. Nothing launched.",broadband; direct-to-device,LEO,dual,IN-SPACe,,,,,,1600,1600,,1,,,,unknown,,,2029,operator-target,Not disclosed,1,0,3,no,1,,,"Provenance gap: no primary source and no citable docket. IN-SPACe authorisations are not published in a form comparable to FCC ICFS. Carlos Martinez-Cagnazzo asked at IETF 126 who the proper authority is when a company files, and Dan York used exactly this system as the example: the Indian space agency approves, then the filing goes to the ITU. This record captures that chain at the moment the first step completed and the second had not yet begun, which makes it a useful teaching case for the draft.",2026-07,2026-07-29,2,no
spacex-orbital-data-center,SpaceX Orbital Data Center System,spacex-orbital-compute,AI1; Starmind,"Space Exploration Holdings, LLC",Space Exploration Technologies Corp. (SpaceX),US,US,orbital-compute,filed,"Application filed 30 January 2026, accepted for filing 4 February 2026. No grant. This single application is the largest contributor by far to every circulating aggregate of planned satellites.",orbital-compute,LEO,civil,FCC,SAT-LOA-20260108-00016,S00798,,,,,1000000,,1,,,optical,optical,,,,,,2,0,3,yes,1,,,"Reported in the press as connected to the SpaceX/xAI merger. The application itself is for a communications authorisation; the compute payload is not what the FCC is licensing, which is worth remembering when reading the filing as evidence about data-centre capacity. Provenance gap: the application narrative and technical attachment (Attachment A) are cited in DA 26-113 but have not been read directly. They would give the shell structure, the satellite versions and the TT&C bands.",2026-07,2026-07-29,2,no
spinlaunch-meridian,SpinLaunch Meridian Space,spinlaunch,Meridian Space,"SpinLaunch, Inc.","SpinLaunch, Inc.",US,US,broadband,filed,"FCC application for roughly 1,200 satellites in Ka-, Ku- and V-band. 280 satellites contracted from Kongsberg NanoAvionics in April 2025. Nothing launched.",broadband; backhaul; government-secure,LEO,dual,FCC,,,,,,,1200,280,1,,,Ku; Ka; V,unknown,,,,,SpinLaunch,1,0,2,no,1,,,"Provenance gap: no primary source, no file number, no filing date. Worth noting for anyone modelling this system: repeating ground tracks are unusual among the constellations in this registry and change the contact pattern seen by a fixed ground station substantially. It is a good test case for the ground-station elements added in draft-piraux-space-constellation-code-02.",2026-07,2026-07-29,2,no
starcloud,Starcloud,starcloud,Lumen Orbit,"Starcloud, Inc.","Starcloud, Inc. (independent; Series A March 2026)",US,US,orbital-compute,filed,"One demonstrator on orbit (Starcloud-1, November 2025). The 88,000-satellite system is an FCC application accepted for filing in March 2026; no grant.",orbital-compute,LEO,civil,FCC,SAT-LOA-20260202-00073,,,1,,,88000,,1,,,Ka; optical,optical,2025-11-02,,,,,1,0,2,no,1,,,"Provenance gap: this record has no primary source. Everything except the demonstrator launch rests on one trade-press report of the FCC application. The application itself (ICFS SAT-LOA-20260202-00073) is public and should be read; the accepted-for-filing public notice would also be a primary source for the date. Until then every number here is secondary and the record should be read as such. Kept in the registry despite the weak provenance because orbital data centre filings are a large and fast-growing share of the aggregate satellite count, and because this system as filed depends entirely on other operators' optical crosslinks - which is exactly the kind of coupling the group should be able to see.",2026-07,2026-07-29,2,no
starlink-gen1,Starlink Gen1,starlink,SpaceX NGSO Satellite System (first generation); Starlink Ku/Ka,"Space Exploration Holdings, LLC",Space Exploration Technologies Corp. (SpaceX),US,US,broadband,operational,Fully deployed and in commercial service. The shells recorded here are the authorised configuration after the April 2021 third modification.,broadband,LEO,civil,FCC,SAT-MOD-20200417-00037,S2983,,,,4408,4409,,5,,,Ku; Ka,optical,2019-05-24,2020-10,,,SpaceX,4,3,5,yes,0,,,"The ITU networks behind Starlink are notified by Norway, not the United States. SpaceX holds a US licence from the FCC and the international filings that carry its spectrum are made by the Norwegian administration under the names STEAM-1, STEAM-2 and STEAM-2B. Nothing improper about that, and it is common practice, but it means a reader looking for Starlink under ""USA"" in ITU records will not find it, and any jurisdiction-by-jurisdiction tally built from ITU data will attribute the largest constellation in orbit to Norway. This is the single most consequential thing found in the ITU pass. Provenance gap: two later modifications (SAT-MOD-20230215-00036, granted 2024-08-16, and SAT-MOD-20241104-00251, granted 2025-03-17) are recorded from a citation in DA 26-113 but have not been read. The authorised geometry may have changed since FCC 21-48, so the shells here are the 2021 configuration and are marked as such by their src. counts.launched is deliberately empty on this record: launch reporting does not distinguish Gen1 from Gen2 spacecraft, so a per-authorisation launched figure cannot be sourced. The family-level figure is on starlink-gen2.",2026-07,2026-07-29,2,no
starlink-gen2,Starlink Gen2,starlink,SpaceX Gen2 NGSO Satellite System; Starlink V2 / V3,"Space Exploration Holdings, LLC",Space Exploration Technologies Corp. (SpaceX),US,US,broadband,deploying,"Deploying under a partial grant. Authorised for 15,000 of the 29,988 satellites requested; the Commission has expressly deferred action on the remainder. Carries the direct-to-cell (supplemental coverage from space) service.",broadband; direct-to-device,VLEO; LEO,civil,FCC,SAT-LOA-20200526-00055,S2992/3069,,12612,,15000,29988,,4,,,Ku; Ka; V; W,optical,,,2031-12-01,regulatory-milestone,SpaceX,3,0,3,yes,1,,,"The ITU networks behind Starlink (STEAM-1, STEAM-2, STEAM-2B) are notified by Norway, not the United States; the shells declared in the most recent STEAM-2 notification match the Gen1 authorisation rather than this one, so the ITU detail is recorded on starlink-gen1. No ITU network has yet been identified that corresponds specifically to the Gen2 authorisation, which is itself worth resolving. This record is the registry's worked example of an envelope authorisation. Three of its four shell entries are geometry_kind envelope or unknown and emit no constellation code, because DA 26-36 bounds the geometry rather than fixing it and lets SpaceX redistribute satellites between shells. Any simulator that wants a concrete Gen2 topology must choose one point in that feasible set, and should say which.",2026-07,2026-07-29,2,no
starlink-gen3,Starlink Gen3,starlink,SpaceX third-generation Starlink system,"Space Exploration Holdings, LLC",Space Exploration Technologies Corp. (SpaceX),US,US,broadband,filed,"Application filed 6 July 2026; no grant. Nothing launched under this authorisation. Deployment is predicated on Starship reaching operational cadence at roughly 2,000 kg per satellite.",broadband,VLEO,civil,FCC,SAT-LOA-20260630-00264,,,,,,100000,,2,,,Ku; Ka; V; E; W; D,,,,,,SpaceX,1,0,2,no,1,,,"Provenance gap: this record has no primary source. The file number, satellite count, altitude bands and spectrum all come from trade press. The application is public in ICFS and should be read; doing so would also settle whether the request is for a genuinely new system or an amendment of the Gen2 authorisation, which changes how the 100,000 should be aggregated.",2026-07,2026-07-29,2,no
starshield,Starshield,starshield,NRO proliferated architecture (SpaceX-built element),Space Exploration Technologies Corp. (SpaceX),Space Exploration Technologies Corp. (SpaceX),US,US,government-military,deploying,"Satellites are launching regularly on dedicated NRO missions, but the system has no public authorisation, no published constellation size and no published geometry. Status is inferred from launch reporting alone.",government-secure; military; relay,LEO,military,,,,"No public FCC or ITU filing identifies this system. It is procured and operated under US government contracts, principally for the National Reconnaissance Office's proliferated architecture, and US federal government spectrum use is coordinated through NTIA rather than licensed by the FCC, so no ICFS docket exists to point at. Everything in this record therefore rests on launch reporting and catalogue observation. This is a structural provenance limit, not an oversight, and it applies to classified systems in every jurisdiction.",245,,,,1600,0,,,,optical,,,,,,0,0,1,no,0,,,"Kept in the registry with almost every field empty on purpose. A government constellation of this size is a real consumer of orbital shells and spectrum and a real contributor to conjunction and coordination load, and omitting it because it is undocumented would understate the picture in exactly the direction that is hardest to notice. What the record contributes is the fact, stated in filing_absent, that no public filing exists. Possible future primary sources: the UN Register of Objects Launched into Outer Space (treaty-registry) gives launch-by-launch registrations with orbital parameters, and NTIA spectrum certification records are partially public. Neither has been checked.",2026-07,2026-07-29,2,no
telesat-lightspeed,Telesat Lightspeed,telesat-lightspeed,Telesat LEO,Telesat Canada,Telesat Corporation,CA,CA; US,broadband,licensed,"Authorised by ISED in Canada, with US market access granted separately by the FCC. 198 satellites contracted from MDA in August 2023, down from an earlier 298. Telesat has stated it will not meet the current ISED milestones and intends to seek an amendment. Nothing launched.",broadband; backhaul; government-secure,LEO,dual,ISED,,,,,,,,198,1,,,Ka; V,optical,,,2028,operator-target,,2,0,4,yes,1,,,"Provenance gap: this record has no usable primary source for its counts. The FCC market access grant is cited by landing page rather than by document number and has not been read, and the ISED authorisation has not been located at all. This record is the registry's worked example of the non-US-but-Western jurisdiction problem, which sits between the FCC case and the Chinese case: the authorisation certainly exists and is not secret, but it is not published in a form that can be cited, so the best available evidence is the operator's own reporting. Any contributor with ISED experience could close this quickly.",2026-07,2026-07-29,2,no
